,protocol,week_date,commit_count
0,Bitcoin,2017-01-29,38.0
1,Bitcoin,2017-02-05,73.0
2,Bitcoin,2017-02-12,51.0
3,Bitcoin,2017-02-19,56.0
4,Bitcoin,2017-02-26,40.0
5,Bitcoin,2017-03-05,74.0
6,Bitcoin,2017-03-12,21.0
7,Bitcoin,2017-03-19,43.0
8,Bitcoin,2017-03-26,59.0
9,Bitcoin,2017-04-02,39.0
10,Bitcoin,2017-04-09,44.0
11,Bitcoin,2017-04-16,53.0
12,Bitcoin,2017-04-23,56.0
13,Bitcoin,2017-04-30,43.0
14,Bitcoin,2017-05-07,28.0
15,Bitcoin,2017-05-14,20.0
16,Bitcoin,2017-05-21,29.0
17,Bitcoin,2017-05-28,35.0
18,Bitcoin,2017-06-04,78.0
19,Bitcoin,2017-06-11,28.0
20,Bitcoin,2017-06-18,29.0
21,Bitcoin,2017-06-25,44.0
22,Bitcoin,2017-07-02,29.0
23,Bitcoin,2017-07-09,60.0
24,Bitcoin,2017-07-16,47.0
25,Bitcoin,2017-07-23,27.0
26,Bitcoin,2017-07-30,29.0
27,Bitcoin,2017-08-06,44.0
28,Bitcoin,2017-08-13,42.0
29,Bitcoin,2017-08-20,50.0
30,Bitcoin,2017-08-27,27.0
31,Bitcoin,2017-09-03,44.0
32,Bitcoin,2017-09-10,42.0
33,Bitcoin,2017-09-17,18.0
34,Bitcoin,2017-09-24,23.0
35,Bitcoin,2017-10-01,33.0
36,Bitcoin,2017-10-08,35.0
37,Bitcoin,2017-10-15,35.0
38,Bitcoin,2017-10-22,15.0
39,Bitcoin,2017-10-29,15.0
40,Bitcoin,2017-11-05,23.0
41,Bitcoin,2017-11-12,38.0
42,Bitcoin,2017-11-19,14.0
43,Bitcoin,2017-11-26,29.0
44,Bitcoin,2017-12-03,24.0
45,Bitcoin,2017-12-10,20.0
46,Bitcoin,2017-12-17,23.0
47,Bitcoin,2017-12-24,9.0
48,Bitcoin,2017-12-31,13.0
49,Bitcoin,2018-01-07,12.0
50,Bitcoin,2018-01-14,9.0
51,Bitcoin,2018-01-21,24.0
52,Bitcoin,2018-01-28,15.0
53,Bitcoin,2018-02-04,16.0
54,Bitcoin,2018-02-11,25.0
55,Bitcoin,2018-02-18,5.0
56,Bitcoin,2018-02-25,1.0
57,Bitcoin Cash,2017-01-29,22.0
58,Bitcoin Cash,2017-02-05,42.0
59,Bitcoin Cash,2017-02-12,30.0
60,Bitcoin Cash,2017-02-19,21.0
61,Bitcoin Cash,2017-02-26,16.0
62,Bitcoin Cash,2017-03-05,14.0
63,Bitcoin Cash,2017-03-12,1.0
64,Bitcoin Cash,2017-03-19,12.0
65,Bitcoin Cash,2017-03-26,17.0
66,Bitcoin Cash,2017-04-02,32.0
67,Bitcoin Cash,2017-04-09,13.0
68,Bitcoin Cash,2017-04-16,17.0
69,Bitcoin Cash,2017-04-23,9.0
70,Bitcoin Cash,2017-04-30,5.0
71,Bitcoin Cash,2017-05-07,21.0
72,Bitcoin Cash,2017-05-14,14.0
73,Bitcoin Cash,2017-05-21,9.0
74,Bitcoin Cash,2017-05-28,33.0
75,Bitcoin Cash,2017-06-04,112.0
76,Bitcoin Cash,2017-06-11,59.0
77,Bitcoin Cash,2017-06-18,63.0
78,Bitcoin Cash,2017-06-25,7.0
79,Bitcoin Cash,2017-07-02,14.0
80,Bitcoin Cash,2017-07-09,28.0
81,Bitcoin Cash,2017-07-16,35.0
82,Bitcoin Cash,2017-07-23,21.0
83,Bitcoin Cash,2017-07-30,37.0
84,Bitcoin Cash,2017-08-06,26.0
85,Bitcoin Cash,2017-08-13,5.0
86,Bitcoin Cash,2017-08-20,18.0
87,Bitcoin Cash,2017-08-27,25.0
88,Bitcoin Cash,2017-09-03,18.0
89,Bitcoin Cash,2017-09-10,5.0
90,Bitcoin Cash,2017-09-17,3.0
91,Bitcoin Cash,2017-09-24,22.0
92,Bitcoin Cash,2017-10-01,9.0
93,Bitcoin Cash,2017-10-08,10.0
94,Bitcoin Cash,2017-10-15,15.0
95,Bitcoin Cash,2017-10-22,0.0
96,Bitcoin Cash,2017-10-29,10.0
97,Bitcoin Cash,2017-11-05,25.0
98,Bitcoin Cash,2017-11-12,42.0
99,Bitcoin Cash,2017-11-19,13.0
100,Bitcoin Cash,2017-11-26,18.0
101,Bitcoin Cash,2017-12-03,31.0
102,Bitcoin Cash,2017-12-10,36.0
103,Bitcoin Cash,2017-12-17,30.0
104,Bitcoin Cash,2017-12-24,6.0
105,Bitcoin Cash,2017-12-31,28.0
106,Bitcoin Cash,2018-01-07,10.0
107,Bitcoin Cash,2018-01-14,13.0
108,Bitcoin Cash,2018-01-21,3.0
109,Bitcoin Cash,2018-01-28,0.0
110,Bitcoin Cash,2018-02-04,3.0
111,Bitcoin Cash,2018-02-11,8.0
112,Bitcoin Cash,2018-02-18,9.0
113,Bitcoin Cash,2018-02-25,0.0
114,Dfinity,2017-01-29,0.0
115,Dfinity,2017-02-05,0.0
116,Dfinity,2017-02-12,0.0
117,Dfinity,2017-02-19,0.0
118,Dfinity,2017-02-26,0.0
119,Dfinity,2017-03-05,0.0
120,Dfinity,2017-03-12,0.0
121,Dfinity,2017-03-19,0.0
122,Dfinity,2017-03-26,0.0
123,Dfinity,2017-04-02,0.0
124,Dfinity,2017-04-09,0.0
125,Dfinity,2017-04-16,0.0
126,Dfinity,2017-04-23,0.0
127,Dfinity,2017-04-30,0.0
128,Dfinity,2017-05-07,0.0
129,Dfinity,2017-05-14,0.0
130,Dfinity,2017-05-21,0.0
131,Dfinity,2017-05-28,0.0
132,Dfinity,2017-06-04,0.0
133,Dfinity,2017-06-11,0.0
134,Dfinity,2017-06-18,0.0
135,Dfinity,2017-06-25,0.0
136,Dfinity,2017-07-02,0.0
137,Dfinity,2017-07-09,0.0
138,Dfinity,2017-07-16,0.0
139,Dfinity,2017-07-23,0.0
140,Dfinity,2017-07-30,4.0
141,Dfinity,2017-08-06,6.0
142,Dfinity,2017-08-13,19.0
143,Dfinity,2017-08-20,12.0
144,Dfinity,2017-08-27,11.0
145,Dfinity,2017-09-03,0.0
146,Dfinity,2017-09-10,3.0
147,Dfinity,2017-09-17,7.0
148,Dfinity,2017-09-24,2.0
149,Dfinity,2017-10-01,0.0
150,Dfinity,2017-10-08,0.0
151,Dfinity,2017-10-15,0.0
152,Dfinity,2017-10-22,0.0
153,Dfinity,2017-10-29,0.0
154,Dfinity,2017-11-05,0.0
155,Dfinity,2017-11-12,0.0
156,Dfinity,2017-11-19,0.0
157,Dfinity,2017-11-26,0.0
158,Dfinity,2017-12-03,0.0
159,Dfinity,2017-12-10,0.0
160,Dfinity,2017-12-17,1.0
161,Dfinity,2017-12-24,0.0
162,Dfinity,2017-12-31,18.0
163,Dfinity,2018-01-07,27.0
164,Dfinity,2018-01-14,22.0
165,Dfinity,2018-01-21,1.0
166,Dfinity,2018-01-28,0.0
167,Dfinity,2018-02-04,0.0
168,Dfinity,2018-02-11,0.0
169,Dfinity,2018-02-18,0.0
170,Dfinity,2018-02-25,0.0
171,EOS,2017-03-05,0.0
172,EOS,2017-03-12,0.0
173,EOS,2017-03-19,0.0
174,EOS,2017-03-26,0.0
175,EOS,2017-04-02,17.0
176,EOS,2017-04-09,24.0
177,EOS,2017-04-16,12.0
178,EOS,2017-04-23,24.0
179,EOS,2017-04-30,18.0
180,EOS,2017-05-07,3.0
181,EOS,2017-05-14,0.0
182,EOS,2017-05-21,3.0
183,EOS,2017-05-28,28.0
184,EOS,2017-06-04,10.0
185,EOS,2017-06-11,24.0
186,EOS,2017-06-18,42.0
187,EOS,2017-06-25,39.0
188,EOS,2017-07-02,29.0
189,EOS,2017-07-09,23.0
190,EOS,2017-07-16,23.0
191,EOS,2017-07-23,55.0
192,EOS,2017-07-30,51.0
193,EOS,2017-08-06,54.0
194,EOS,2017-08-13,38.0
195,EOS,2017-08-20,94.0
196,EOS,2017-08-27,109.0
197,EOS,2017-09-03,137.0
198,EOS,2017-09-10,104.0
199,EOS,2017-09-17,24.0
200,EOS,2017-09-24,33.0
201,EOS,2017-10-01,30.0
202,EOS,2017-10-08,24.0
203,EOS,2017-10-15,21.0
204,EOS,2017-10-22,23.0
205,EOS,2017-10-29,52.0
206,EOS,2017-11-05,73.0
207,EOS,2017-11-12,88.0
208,EOS,2017-11-19,80.0
209,EOS,2017-11-26,121.0
210,EOS,2017-12-03,75.0
211,EOS,2017-12-10,53.0
212,EOS,2017-12-17,35.0
213,EOS,2017-12-24,11.0
214,EOS,2017-12-31,31.0
215,EOS,2018-01-07,93.0
216,EOS,2018-01-14,105.0
217,EOS,2018-01-21,97.0
218,EOS,2018-01-28,108.0
219,EOS,2018-02-04,114.0
220,EOS,2018-02-11,84.0
221,EOS,2018-02-18,41.0
222,EOS,2018-02-25,6.0
223,Ethereum,2017-01-29,12.0
224,Ethereum,2017-02-05,12.0
225,Ethereum,2017-02-12,18.0
226,Ethereum,2017-02-19,32.0
227,Ethereum,2017-02-26,32.0
228,Ethereum,2017-03-05,16.0
229,Ethereum,2017-03-12,6.0
230,Ethereum,2017-03-19,19.0
231,Ethereum,2017-03-26,6.0
232,Ethereum,2017-04-02,17.0
233,Ethereum,2017-04-09,33.0
234,Ethereum,2017-04-16,11.0
235,Ethereum,2017-04-23,9.0
236,Ethereum,2017-04-30,24.0
237,Ethereum,2017-05-07,13.0
238,Ethereum,2017-05-14,6.0
239,Ethereum,2017-05-21,25.0
240,Ethereum,2017-05-28,26.0
241,Ethereum,2017-06-04,9.0
242,Ethereum,2017-06-11,6.0
243,Ethereum,2017-06-18,31.0
244,Ethereum,2017-06-25,19.0
245,Ethereum,2017-07-02,10.0
246,Ethereum,2017-07-09,14.0
247,Ethereum,2017-07-16,12.0
248,Ethereum,2017-07-23,5.0
249,Ethereum,2017-07-30,18.0
250,Ethereum,2017-08-06,31.0
251,Ethereum,2017-08-13,20.0
252,Ethereum,2017-08-20,21.0
253,Ethereum,2017-08-27,5.0
254,Ethereum,2017-09-03,28.0
255,Ethereum,2017-09-10,16.0
256,Ethereum,2017-09-17,8.0
257,Ethereum,2017-09-24,7.0
258,Ethereum,2017-10-01,15.0
259,Ethereum,2017-10-08,16.0
260,Ethereum,2017-10-15,17.0
261,Ethereum,2017-10-22,12.0
262,Ethereum,2017-10-29,4.0
263,Ethereum,2017-11-05,17.0
264,Ethereum,2017-11-12,22.0
265,Ethereum,2017-11-19,19.0
266,Ethereum,2017-11-26,13.0
267,Ethereum,2017-12-03,13.0
268,Ethereum,2017-12-10,15.0
269,Ethereum,2017-12-17,27.0
270,Ethereum,2017-12-24,5.0
271,Ethereum,2017-12-31,20.0
272,Ethereum,2018-01-07,10.0
273,Ethereum,2018-01-14,5.0
274,Ethereum,2018-01-21,14.0
275,Ethereum,2018-01-28,10.0
276,Ethereum,2018-02-04,13.0
277,Ethereum,2018-02-11,30.0
278,Ethereum,2018-02-18,25.0
279,Ethereum,2018-02-25,7.0
280,Filecoin,2017-01-29,0.0
281,Filecoin,2017-02-05,0.0
282,Filecoin,2017-02-12,0.0
283,Filecoin,2017-02-19,0.0
284,Filecoin,2017-02-26,0.0
285,Filecoin,2017-03-05,0.0
286,Filecoin,2017-03-12,1.0
287,Filecoin,2017-03-19,0.0
288,Filecoin,2017-03-26,0.0
289,Filecoin,2017-04-02,0.0
290,Filecoin,2017-04-09,0.0
291,Filecoin,2017-04-16,0.0
292,Filecoin,2017-04-23,0.0
293,Filecoin,2017-04-30,0.0
294,Filecoin,2017-05-07,1.0
295,Filecoin,2017-05-14,0.0
296,Filecoin,2017-05-21,1.0
297,Filecoin,2017-05-28,0.0
298,Filecoin,2017-06-04,0.0
299,Filecoin,2017-06-11,1.0
300,Filecoin,2017-06-18,0.0
301,Filecoin,2017-06-25,0.0
302,Filecoin,2017-07-02,1.0
303,Filecoin,2017-07-09,0.0
304,Filecoin,2017-07-16,0.0
305,Filecoin,2017-07-23,0.0
306,Filecoin,2017-07-30,0.0
307,Filecoin,2017-08-06,0.0
308,Filecoin,2017-08-13,0.0
309,Filecoin,2017-08-20,20.0
310,Filecoin,2017-08-27,0.0
311,Filecoin,2017-09-03,0.0
312,Filecoin,2017-09-10,0.0
313,Filecoin,2017-09-17,0.0
314,Filecoin,2017-09-24,0.0
315,Filecoin,2017-10-01,0.0
316,Filecoin,2017-10-08,0.0
317,Filecoin,2017-10-15,2.0
318,Filecoin,2017-10-22,0.0
319,Filecoin,2017-10-29,0.0
320,Filecoin,2017-11-05,0.0
321,Filecoin,2017-11-12,3.0
322,Filecoin,2017-11-19,0.0
323,Filecoin,2017-11-26,0.0
324,Filecoin,2017-12-03,0.0
325,Filecoin,2017-12-10,0.0
326,Filecoin,2017-12-17,1.0
327,Filecoin,2017-12-24,0.0
328,Filecoin,2017-12-31,1.0
329,Filecoin,2018-01-07,1.0
330,Filecoin,2018-01-14,0.0
331,Filecoin,2018-01-21,4.0
332,Filecoin,2018-01-28,2.0
333,Filecoin,2018-02-04,0.0
334,Filecoin,2018-02-11,0.0
335,Filecoin,2018-02-18,1.0
336,Filecoin,2018-02-25,0.0
337,MaidSafe,2017-01-29,2.0
338,MaidSafe,2017-02-05,12.0
339,MaidSafe,2017-02-12,2.0
340,MaidSafe,2017-02-19,1.0
341,MaidSafe,2017-02-26,4.0
342,MaidSafe,2017-03-05,6.0
343,MaidSafe,2017-03-12,3.0
344,MaidSafe,2017-03-19,3.0
345,MaidSafe,2017-03-26,2.0
346,MaidSafe,2017-04-02,1.0
347,MaidSafe,2017-04-09,0.0
348,MaidSafe,2017-04-16,2.0
349,MaidSafe,2017-04-23,0.0
350,MaidSafe,2017-04-30,4.0
351,MaidSafe,2017-05-07,0.0
352,MaidSafe,2017-05-14,1.0
353,MaidSafe,2017-05-21,0.0
354,MaidSafe,2017-05-28,0.0
355,MaidSafe,2017-06-04,0.0
356,MaidSafe,2017-06-11,3.0
357,MaidSafe,2017-06-18,1.0
358,MaidSafe,2017-06-25,2.0
359,MaidSafe,2017-07-02,5.0
360,MaidSafe,2017-07-09,3.0
361,MaidSafe,2017-07-16,0.0
362,MaidSafe,2017-07-23,3.0
363,MaidSafe,2017-07-30,0.0
364,MaidSafe,2017-08-06,0.0
365,MaidSafe,2017-08-13,0.0
366,MaidSafe,2017-08-20,0.0
367,MaidSafe,2017-08-27,0.0
368,MaidSafe,2017-09-03,0.0
369,MaidSafe,2017-09-10,2.0
370,MaidSafe,2017-09-17,0.0
371,MaidSafe,2017-09-24,0.0
372,MaidSafe,2017-10-01,0.0
373,MaidSafe,2017-10-08,0.0
374,MaidSafe,2017-10-15,0.0
375,MaidSafe,2017-10-22,0.0
376,MaidSafe,2017-10-29,0.0
377,MaidSafe,2017-11-05,0.0
378,MaidSafe,2017-11-12,0.0
379,MaidSafe,2017-11-19,0.0
380,MaidSafe,2017-11-26,0.0
381,MaidSafe,2017-12-03,1.0
382,MaidSafe,2017-12-10,0.0
383,MaidSafe,2017-12-17,1.0
384,MaidSafe,2017-12-24,2.0
385,MaidSafe,2017-12-31,0.0
386,MaidSafe,2018-01-07,0.0
387,MaidSafe,2018-01-14,0.0
388,MaidSafe,2018-01-21,0.0
389,MaidSafe,2018-01-28,0.0
390,MaidSafe,2018-02-04,0.0
391,MaidSafe,2018-02-11,0.0
392,MaidSafe,2018-02-18,0.0
393,MaidSafe,2018-02-25,0.0
394,Maker,2017-01-29,0.0
395,Maker,2017-02-05,0.0
396,Maker,2017-02-12,0.0
397,Maker,2017-02-19,0.0
398,Maker,2017-02-26,0.0
399,Maker,2017-03-05,0.0
400,Maker,2017-03-12,0.0
401,Maker,2017-03-19,12.0
402,Maker,2017-03-26,60.0
403,Maker,2017-04-02,77.0
404,Maker,2017-04-09,38.0
405,Maker,2017-04-16,17.0
406,Maker,2017-04-23,23.0
407,Maker,2017-04-30,21.0
408,Maker,2017-05-07,16.0
409,Maker,2017-05-14,24.0
410,Maker,2017-05-21,40.0
411,Maker,2017-05-28,24.0
412,Maker,2017-06-04,44.0
413,Maker,2017-06-11,70.0
414,Maker,2017-06-18,78.0
415,Maker,2017-06-25,146.0
416,Maker,2017-07-02,70.0
417,Maker,2017-07-09,88.0
418,Maker,2017-07-16,56.0
419,Maker,2017-07-23,71.0
420,Maker,2017-07-30,36.0
421,Maker,2017-08-06,49.0
422,Maker,2017-08-13,107.0
423,Maker,2017-08-20,15.0
424,Maker,2017-08-27,3.0
425,Maker,2017-09-03,37.0
426,Maker,2017-09-10,128.0
427,Maker,2017-09-17,56.0
428,Maker,2017-09-24,3.0
429,Maker,2017-10-01,57.0
430,Maker,2017-10-08,14.0
431,Maker,2017-10-15,21.0
432,Maker,2017-10-22,15.0
433,Maker,2017-10-29,0.0
434,Maker,2017-11-05,25.0
435,Maker,2017-11-12,34.0
436,Maker,2017-11-19,67.0
437,Maker,2017-11-26,95.0
438,Maker,2017-12-03,129.0
439,Maker,2017-12-10,49.0
440,Maker,2017-12-17,28.0
441,Maker,2017-12-24,19.0
442,Maker,2017-12-31,13.0
443,Maker,2018-01-07,20.0
444,Maker,2018-01-14,4.0
445,Maker,2018-01-21,3.0
446,Maker,2018-01-28,0.0
447,Maker,2018-02-04,7.0
448,Maker,2018-02-11,2.0
449,Maker,2018-02-18,6.0
450,Maker,2018-02-25,1.0
451,Monero,2017-01-29,26.0
452,Monero,2017-02-05,26.0
453,Monero,2017-02-12,36.0
454,Monero,2017-02-19,68.0
455,Monero,2017-02-26,35.0
456,Monero,2017-03-05,14.0
457,Monero,2017-03-12,21.0
458,Monero,2017-03-19,44.0
459,Monero,2017-03-26,13.0
460,Monero,2017-04-02,16.0
461,Monero,2017-04-09,15.0
462,Monero,2017-04-16,12.0
463,Monero,2017-04-23,8.0
464,Monero,2017-04-30,2.0
465,Monero,2017-05-07,7.0
466,Monero,2017-05-14,4.0
467,Monero,2017-05-21,4.0
468,Monero,2017-05-28,16.0
469,Monero,2017-06-04,7.0
470,Monero,2017-06-11,4.0
471,Monero,2017-06-18,19.0
472,Monero,2017-06-25,17.0
473,Monero,2017-07-02,17.0
474,Monero,2017-07-09,11.0
475,Monero,2017-07-16,7.0
476,Monero,2017-07-23,28.0
477,Monero,2017-07-30,55.0
478,Monero,2017-08-06,31.0
479,Monero,2017-08-13,25.0
480,Monero,2017-08-20,30.0
481,Monero,2017-08-27,23.0
482,Monero,2017-09-03,27.0
483,Monero,2017-09-10,42.0
484,Monero,2017-09-17,38.0
485,Monero,2017-09-24,23.0
486,Monero,2017-10-01,30.0
487,Monero,2017-10-08,22.0
488,Monero,2017-10-15,32.0
489,Monero,2017-10-22,26.0
490,Monero,2017-10-29,18.0
491,Monero,2017-11-05,24.0
492,Monero,2017-11-12,34.0
493,Monero,2017-11-19,18.0
494,Monero,2017-11-26,21.0
495,Monero,2017-12-03,29.0
496,Monero,2017-12-10,52.0
497,Monero,2017-12-17,36.0
498,Monero,2017-12-24,8.0
499,Monero,2017-12-31,3.0
500,Monero,2018-01-07,4.0
501,Monero,2018-01-14,1.0
502,Monero,2018-01-21,3.0
503,Monero,2018-01-28,1.0
504,Monero,2018-02-04,0.0
505,Monero,2018-02-11,14.0
506,Monero,2018-02-18,7.0
507,Monero,2018-02-25,0.0
508,Raiblocks,2017-01-29,9.0
509,Raiblocks,2017-02-05,31.0
510,Raiblocks,2017-02-12,17.0
511,Raiblocks,2017-02-19,24.0
512,Raiblocks,2017-02-26,14.0
513,Raiblocks,2017-03-05,59.0
514,Raiblocks,2017-03-12,30.0
515,Raiblocks,2017-03-19,4.0
516,Raiblocks,2017-03-26,14.0
517,Raiblocks,2017-04-02,4.0
518,Raiblocks,2017-04-09,15.0
519,Raiblocks,2017-04-16,13.0
520,Raiblocks,2017-04-23,7.0
521,Raiblocks,2017-04-30,0.0
522,Raiblocks,2017-05-07,2.0
523,Raiblocks,2017-05-14,1.0
524,Raiblocks,2017-05-21,6.0
525,Raiblocks,2017-05-28,14.0
526,Raiblocks,2017-06-04,1.0
527,Raiblocks,2017-06-11,3.0
528,Raiblocks,2017-06-18,36.0
529,Raiblocks,2017-06-25,9.0
530,Raiblocks,2017-07-02,10.0
531,Raiblocks,2017-07-09,4.0
532,Raiblocks,2017-07-16,25.0
533,Raiblocks,2017-07-23,10.0
534,Raiblocks,2017-07-30,19.0
535,Raiblocks,2017-08-06,15.0
536,Raiblocks,2017-08-13,13.0
537,Raiblocks,2017-08-20,40.0
538,Raiblocks,2017-08-27,8.0
539,Raiblocks,2017-09-03,6.0
540,Raiblocks,2017-09-10,3.0
541,Raiblocks,2017-09-17,0.0
542,Raiblocks,2017-09-24,12.0
543,Raiblocks,2017-10-01,5.0
544,Raiblocks,2017-10-08,2.0
545,Raiblocks,2017-10-15,1.0
546,Raiblocks,2017-10-22,9.0
547,Raiblocks,2017-10-29,12.0
548,Raiblocks,2017-11-05,1.0
549,Raiblocks,2017-11-12,4.0
550,Raiblocks,2017-11-19,4.0
551,Raiblocks,2017-11-26,2.0
552,Raiblocks,2017-12-03,10.0
553,Raiblocks,2017-12-10,19.0
554,Raiblocks,2017-12-17,25.0
555,Raiblocks,2017-12-24,29.0
556,Raiblocks,2017-12-31,42.0
557,Raiblocks,2018-01-07,23.0
558,Raiblocks,2018-01-14,6.0
559,Raiblocks,2018-01-21,19.0
560,Raiblocks,2018-01-28,14.0
561,Raiblocks,2018-02-04,18.0
562,Raiblocks,2018-02-11,23.0
563,Raiblocks,2018-02-18,5.0
564,Raiblocks,2018-02-25,1.0
565,Raiden,2017-01-29,21.0
566,Raiden,2017-02-05,27.0
567,Raiden,2017-02-12,27.0
568,Raiden,2017-02-19,45.0
569,Raiden,2017-02-26,29.0
570,Raiden,2017-03-05,34.0
571,Raiden,2017-03-12,23.0
572,Raiden,2017-03-19,5.0
573,Raiden,2017-03-26,29.0
574,Raiden,2017-04-02,39.0
575,Raiden,2017-04-09,26.0
576,Raiden,2017-04-16,51.0
577,Raiden,2017-04-23,45.0
578,Raiden,2017-04-30,34.0
579,Raiden,2017-05-07,29.0
580,Raiden,2017-05-14,32.0
581,Raiden,2017-05-21,36.0
582,Raiden,2017-05-28,41.0
583,Raiden,2017-06-04,24.0
584,Raiden,2017-06-11,24.0
585,Raiden,2017-06-18,27.0
586,Raiden,2017-06-25,13.0
587,Raiden,2017-07-02,50.0
588,Raiden,2017-07-09,92.0
589,Raiden,2017-07-16,85.0
590,Raiden,2017-07-23,57.0
591,Raiden,2017-07-30,45.0
592,Raiden,2017-08-06,40.0
593,Raiden,2017-08-13,32.0
594,Raiden,2017-08-20,41.0
595,Raiden,2017-08-27,77.0
596,Raiden,2017-09-03,74.0
597,Raiden,2017-09-10,50.0
598,Raiden,2017-09-17,60.0
599,Raiden,2017-09-24,4.0
600,Raiden,2017-10-01,22.0
601,Raiden,2017-10-08,8.0
602,Raiden,2017-10-15,12.0
603,Raiden,2017-10-22,7.0
604,Raiden,2017-10-29,2.0
605,Raiden,2017-11-05,10.0
606,Raiden,2017-11-12,21.0
607,Raiden,2017-11-19,12.0
608,Raiden,2017-11-26,12.0
609,Raiden,2017-12-03,13.0
610,Raiden,2017-12-10,17.0
611,Raiden,2017-12-17,13.0
612,Raiden,2017-12-24,0.0
613,Raiden,2017-12-31,1.0
614,Raiden,2018-01-07,6.0
615,Raiden,2018-01-14,9.0
616,Raiden,2018-01-21,21.0
617,Raiden,2018-01-28,3.0
618,Raiden,2018-02-04,0.0
619,Raiden,2018-02-11,16.0
620,Raiden,2018-02-18,57.0
621,Raiden,2018-02-25,0.0
622,Sia,2017-01-29,19.0
623,Sia,2017-02-05,72.0
624,Sia,2017-02-12,36.0
625,Sia,2017-02-19,30.0
626,Sia,2017-02-26,21.0
627,Sia,2017-03-05,9.0
628,Sia,2017-03-12,16.0
629,Sia,2017-03-19,45.0
630,Sia,2017-03-26,22.0
631,Sia,2017-04-02,50.0
632,Sia,2017-04-09,78.0
633,Sia,2017-04-16,54.0
634,Sia,2017-04-23,39.0
635,Sia,2017-04-30,25.0
636,Sia,2017-05-07,32.0
637,Sia,2017-05-14,32.0
638,Sia,2017-05-21,46.0
639,Sia,2017-05-28,35.0
640,Sia,2017-06-04,70.0
641,Sia,2017-06-11,61.0
642,Sia,2017-06-18,30.0
643,Sia,2017-06-25,44.0
644,Sia,2017-07-02,39.0
645,Sia,2017-07-09,62.0
646,Sia,2017-07-16,27.0
647,Sia,2017-07-23,12.0
648,Sia,2017-07-30,3.0
649,Sia,2017-08-06,1.0
650,Sia,2017-08-13,2.0
651,Sia,2017-08-20,8.0
652,Sia,2017-08-27,29.0
653,Sia,2017-09-03,10.0
654,Sia,2017-09-10,25.0
655,Sia,2017-09-17,29.0
656,Sia,2017-09-24,62.0
657,Sia,2017-10-01,37.0
658,Sia,2017-10-08,22.0
659,Sia,2017-10-15,24.0
660,Sia,2017-10-22,11.0
661,Sia,2017-10-29,9.0
662,Sia,2017-11-05,10.0
663,Sia,2017-11-12,5.0
664,Sia,2017-11-19,2.0
665,Sia,2017-11-26,24.0
666,Sia,2017-12-03,42.0
667,Sia,2017-12-10,30.0
668,Sia,2017-12-17,16.0
669,Sia,2017-12-24,5.0
670,Sia,2017-12-31,26.0
671,Sia,2018-01-07,23.0
672,Sia,2018-01-14,11.0
673,Sia,2018-01-21,1.0
674,Sia,2018-01-28,23.0
675,Sia,2018-02-04,12.0
676,Sia,2018-02-11,45.0
677,Sia,2018-02-18,22.0
678,Sia,2018-02-25,2.0
679,Stellar,2017-02-05,3.0
680,Stellar,2017-02-12,2.0
681,Stellar,2017-02-19,13.0
682,Stellar,2017-02-26,8.0
683,Stellar,2017-03-05,0.0
684,Stellar,2017-03-12,1.0
685,Stellar,2017-03-19,4.0
686,Stellar,2017-03-26,5.0
687,Stellar,2017-04-02,8.0
688,Stellar,2017-04-09,3.0
689,Stellar,2017-04-16,1.0
690,Stellar,2017-04-23,8.0
691,Stellar,2017-04-30,0.0
692,Stellar,2017-05-07,1.0
693,Stellar,2017-05-14,8.0
694,Stellar,2017-05-21,13.0
695,Stellar,2017-05-28,14.0
696,Stellar,2017-06-04,6.0
697,Stellar,2017-06-11,8.0
698,Stellar,2017-06-18,7.0
699,Stellar,2017-06-25,7.0
700,Stellar,2017-07-02,1.0
701,Stellar,2017-07-09,0.0
702,Stellar,2017-07-16,2.0
703,Stellar,2017-07-23,7.0
704,Stellar,2017-07-30,5.0
705,Stellar,2017-08-06,6.0
706,Stellar,2017-08-13,3.0
707,Stellar,2017-08-20,4.0
708,Stellar,2017-08-27,1.0
709,Stellar,2017-09-03,2.0
710,Stellar,2017-09-10,17.0
711,Stellar,2017-09-17,12.0
712,Stellar,2017-09-24,7.0
713,Stellar,2017-10-01,15.0
714,Stellar,2017-10-08,14.0
715,Stellar,2017-10-15,17.0
716,Stellar,2017-10-22,33.0
717,Stellar,2017-10-29,7.0
718,Stellar,2017-11-05,12.0
719,Stellar,2017-11-12,20.0
720,Stellar,2017-11-19,41.0
721,Stellar,2017-11-26,18.0
722,Stellar,2017-12-03,42.0
723,Stellar,2017-12-10,13.0
724,Stellar,2017-12-17,15.0
725,Stellar,2017-12-24,2.0
726,Stellar,2017-12-31,2.0
727,Stellar,2018-01-07,3.0
728,Stellar,2018-01-14,10.0
729,Stellar,2018-01-21,11.0
730,Stellar,2018-01-28,1.0
731,Stellar,2018-02-04,6.0
732,Stellar,2018-02-11,19.0
733,Stellar,2018-02-18,5.0
734,Stellar,2018-02-25,3.0
735,Storj,2017-01-29,4.0
736,Storj,2017-02-05,14.0
737,Storj,2017-02-12,15.0
738,Storj,2017-02-19,12.0
739,Storj,2017-02-26,11.0
740,Storj,2017-03-05,12.0
741,Storj,2017-03-12,19.0
742,Storj,2017-03-19,31.0
743,Storj,2017-03-26,7.0
744,Storj,2017-04-02,4.0
745,Storj,2017-04-09,16.0
746,Storj,2017-04-16,8.0
747,Storj,2017-04-23,8.0
748,Storj,2017-04-30,8.0
749,Storj,2017-05-07,5.0
750,Storj,2017-05-14,1.0
751,Storj,2017-05-21,8.0
752,Storj,2017-05-28,13.0
753,Storj,2017-06-04,0.0
754,Storj,2017-06-11,21.0
755,Storj,2017-06-18,27.0
756,Storj,2017-06-25,17.0
757,Storj,2017-07-02,16.0
758,Storj,2017-07-09,12.0
759,Storj,2017-07-16,7.0
760,Storj,2017-07-23,10.0
761,Storj,2017-07-30,6.0
762,Storj,2017-08-06,4.0
763,Storj,2017-08-13,0.0
764,Storj,2017-08-20,2.0
765,Storj,2017-08-27,5.0
766,Storj,2017-09-03,18.0
767,Storj,2017-09-10,11.0
768,Storj,2017-09-17,8.0
769,Storj,2017-09-24,6.0
770,Storj,2017-10-01,2.0
771,Storj,2017-10-08,2.0
772,Storj,2017-10-15,5.0
773,Storj,2017-10-22,12.0
774,Storj,2017-10-29,5.0
775,Storj,2017-11-05,0.0
776,Storj,2017-11-12,0.0
777,Storj,2017-11-19,1.0
778,Storj,2017-11-26,0.0
779,Storj,2017-12-03,6.0
780,Storj,2017-12-10,5.0
781,Storj,2017-12-17,0.0
782,Storj,2017-12-24,2.0
783,Storj,2017-12-31,0.0
784,Storj,2018-01-07,0.0
785,Storj,2018-01-14,0.0
786,Storj,2018-01-21,0.0
787,Storj,2018-01-28,2.0
788,Storj,2018-02-04,0.0
789,Storj,2018-02-11,0.0
790,Storj,2018-02-18,0.0
791,Storj,2018-02-25,0.0
792,Tezos,2017-01-29,2.0
793,Tezos,2017-02-05,2.0
794,Tezos,2017-02-12,21.0
795,Tezos,2017-02-19,18.0
796,Tezos,2017-02-26,31.0
797,Tezos,2017-03-05,18.0
798,Tezos,2017-03-12,18.0
799,Tezos,2017-03-19,8.0
800,Tezos,2017-03-26,20.0
801,Tezos,2017-04-02,14.0
802,Tezos,2017-04-09,32.0
803,Tezos,2017-04-16,17.0
804,Tezos,2017-04-23,3.0
805,Tezos,2017-04-30,1.0
806,Tezos,2017-05-07,4.0
807,Tezos,2017-05-14,2.0
808,Tezos,2017-05-21,2.0
809,Tezos,2017-05-28,6.0
810,Tezos,2017-06-04,2.0
811,Tezos,2017-06-11,3.0
812,Tezos,2017-06-18,2.0
813,Tezos,2017-06-25,1.0
814,Tezos,2017-07-02,1.0
815,Tezos,2017-07-09,5.0
816,Tezos,2017-07-16,16.0
817,Tezos,2017-07-23,9.0
818,Tezos,2017-07-30,10.0
819,Tezos,2017-08-06,11.0
820,Tezos,2017-08-13,12.0
821,Tezos,2017-08-20,9.0
822,Tezos,2017-08-27,7.0
823,Tezos,2017-09-03,0.0
824,Tezos,2017-09-10,11.0
825,Tezos,2017-09-17,12.0
826,Tezos,2017-09-24,24.0
827,Tezos,2017-10-01,3.0
828,Tezos,2017-10-08,5.0
829,Tezos,2017-10-15,5.0
830,Tezos,2017-10-22,22.0
831,Tezos,2017-10-29,17.0
832,Tezos,2017-11-05,36.0
833,Tezos,2017-11-12,34.0
834,Tezos,2017-11-19,20.0
835,Tezos,2017-11-26,25.0
836,Tezos,2017-12-03,52.0
837,Tezos,2017-12-10,16.0
838,Tezos,2017-12-17,1.0
839,Tezos,2017-12-24,1.0
840,Tezos,2017-12-31,5.0
841,Tezos,2018-01-07,10.0
842,Tezos,2018-01-14,8.0
843,Tezos,2018-01-21,12.0
844,Tezos,2018-01-28,29.0
845,Tezos,2018-02-04,49.0
846,Tezos,2018-02-11,66.0
847,Tezos,2018-02-18,29.0
848,Tezos,2018-02-25,2.0
849,Urbit,2017-01-29,0.0
850,Urbit,2017-02-05,0.0
851,Urbit,2017-02-12,0.0
852,Urbit,2017-02-19,0.0
853,Urbit,2017-02-26,0.0
854,Urbit,2017-03-05,0.0
855,Urbit,2017-03-12,0.0
856,Urbit,2017-03-19,0.0
857,Urbit,2017-03-26,0.0
858,Urbit,2017-04-02,1.0
859,Urbit,2017-04-09,0.0
860,Urbit,2017-04-16,0.0
861,Urbit,2017-04-23,0.0
862,Urbit,2017-04-30,0.0
863,Urbit,2017-05-07,2.0
864,Urbit,2017-05-14,0.0
865,Urbit,2017-05-21,0.0
866,Urbit,2017-05-28,0.0
867,Urbit,2017-06-04,0.0
868,Urbit,2017-06-11,1.0
869,Urbit,2017-06-18,3.0
870,Urbit,2017-06-25,2.0
871,Urbit,2017-07-02,0.0
872,Urbit,2017-07-09,1.0
873,Urbit,2017-07-16,0.0
874,Urbit,2017-07-23,1.0
875,Urbit,2017-07-30,1.0
876,Urbit,2017-08-06,0.0
877,Urbit,2017-08-13,0.0
878,Urbit,2017-08-20,1.0
879,Urbit,2017-08-27,0.0
880,Urbit,2017-09-03,0.0
881,Urbit,2017-09-10,0.0
882,Urbit,2017-09-17,0.0
883,Urbit,2017-09-24,7.0
884,Urbit,2017-10-01,0.0
885,Urbit,2017-10-08,5.0
886,Urbit,2017-10-15,0.0
887,Urbit,2017-10-22,10.0
888,Urbit,2017-10-29,20.0
889,Urbit,2017-11-05,27.0
890,Urbit,2017-11-12,15.0
891,Urbit,2017-11-19,1.0
892,Urbit,2017-11-26,9.0
893,Urbit,2017-12-03,11.0
894,Urbit,2017-12-10,1.0
895,Urbit,2017-12-17,0.0
896,Urbit,2017-12-24,0.0
897,Urbit,2017-12-31,0.0
898,Urbit,2018-01-07,0.0
899,Urbit,2018-01-14,1.0
900,Urbit,2018-01-21,2.0
901,Urbit,2018-01-28,1.0
902,Urbit,2018-02-04,0.0
903,Urbit,2018-02-11,1.0
904,Urbit,2018-02-18,1.0
905,Urbit,2018-02-25,0.0
906,Tether,,
907,Plasma,,
