,protocol,date,subscriber_count
0,Bitcoin,2018-01-14,664028.0
1,Bitcoin,2018-01-15,667073.0
2,Bitcoin,2018-01-16,668167.0
3,Bitcoin,2018-01-17,673614.0
4,Bitcoin,2018-01-22,688884.0
5,Bitcoin,2018-01-23,691477.0
6,Bitcoin,2018-01-24,694262.0
7,Bitcoin,2018-01-25,696473.0
8,Bitcoin,2018-01-26,698368.0
9,Bitcoin,2018-01-27,700492.0
10,Bitcoin,2018-01-28,705193.0
11,Bitcoin,2018-01-29,707885.0
12,Bitcoin,2018-01-31,712828.0
13,Bitcoin,2018-02-01,715252.0
14,Bitcoin,2018-02-02,717524.0
15,Bitcoin,2018-02-03,719107.0
16,Bitcoin,2018-02-04,721147.0
17,Bitcoin,2018-02-05,723162.0
18,Bitcoin,2018-02-06,725955.0
19,Bitcoin,2018-02-07,727887.0
20,Bitcoin,2018-02-08,730051.0
21,Bitcoin,2018-02-09,731598.0
22,Bitcoin,2018-02-11,734386.0
23,Bitcoin,2018-02-12,735501.0
24,Bitcoin,2018-02-13,736855.0
25,Bitcoin,2018-02-14,738037.0
26,Bitcoin,2018-02-15,739217.0
27,Bitcoin,2018-02-16,740664.0
28,Bitcoin,2018-02-17,741787.0
29,Bitcoin,2018-02-18,743542.0
30,Bitcoin,2018-02-19,744829.0
31,Bitcoin,2018-02-20,746225.0
32,Bitcoin,2018-02-21,747516.0
33,Bitcoin,2018-02-22,748820.0
34,Bitcoin,2018-02-23,749870.0
35,Bitcoin,2018-02-24,750843.0
36,Bitcoin,2018-02-25,751825.0
37,Bitcoin,2018-02-26,752799.0
38,Bitcoin,2018-02-27,753214.0
39,Bitcoin Cash,2018-01-14,27366.0
40,Bitcoin Cash,2018-01-15,27539.0
41,Bitcoin Cash,2018-01-16,27597.0
42,Bitcoin Cash,2018-01-17,27760.0
43,Bitcoin Cash,2018-01-22,28504.0
44,Bitcoin Cash,2018-01-23,28595.0
45,Bitcoin Cash,2018-01-24,28724.0
46,Bitcoin Cash,2018-01-25,28809.0
47,Bitcoin Cash,2018-01-26,28912.0
48,Bitcoin Cash,2018-01-27,28993.0
49,Bitcoin Cash,2018-01-28,29211.0
50,Bitcoin Cash,2018-01-29,29336.0
51,Bitcoin Cash,2018-01-31,29529.0
52,Bitcoin Cash,2018-02-01,29613.0
53,Bitcoin Cash,2018-02-02,29673.0
54,Bitcoin Cash,2018-02-03,29717.0
55,Bitcoin Cash,2018-02-04,29779.0
56,Bitcoin Cash,2018-02-05,29836.0
57,Bitcoin Cash,2018-02-06,29871.0
58,Bitcoin Cash,2018-02-07,29936.0
59,Bitcoin Cash,2018-02-08,30108.0
60,Bitcoin Cash,2018-02-09,30242.0
61,Bitcoin Cash,2018-02-11,30351.0
62,Bitcoin Cash,2018-02-12,30383.0
63,Bitcoin Cash,2018-02-13,30448.0
64,Bitcoin Cash,2018-02-14,30480.0
65,Bitcoin Cash,2018-02-15,30578.0
66,Bitcoin Cash,2018-02-16,30704.0
67,Bitcoin Cash,2018-02-17,30751.0
68,Bitcoin Cash,2018-02-18,30802.0
69,Bitcoin Cash,2018-02-19,30840.0
70,Bitcoin Cash,2018-02-20,30906.0
71,Bitcoin Cash,2018-02-21,30960.0
72,Bitcoin Cash,2018-02-22,31006.0
73,Bitcoin Cash,2018-02-23,31031.0
74,Bitcoin Cash,2018-02-24,31046.0
75,Bitcoin Cash,2018-02-25,31079.0
76,Bitcoin Cash,2018-02-26,31121.0
77,Bitcoin Cash,2018-02-27,31141.0
78,Dfinity,2018-01-14,2487.0
79,Dfinity,2018-01-15,2515.0
80,Dfinity,2018-01-16,2528.0
81,Dfinity,2018-01-17,2539.0
82,Dfinity,2018-01-22,2689.0
83,Dfinity,2018-01-23,2742.0
84,Dfinity,2018-01-24,2798.0
85,Dfinity,2018-01-25,2895.0
86,Dfinity,2018-01-26,2988.0
87,Dfinity,2018-01-27,3050.0
88,Dfinity,2018-01-28,3176.0
89,Dfinity,2018-01-29,3237.0
90,Dfinity,2018-01-31,3325.0
91,Dfinity,2018-02-01,3365.0
92,Dfinity,2018-02-02,3402.0
93,Dfinity,2018-02-03,3436.0
94,Dfinity,2018-02-04,3454.0
95,Dfinity,2018-02-05,3467.0
96,Dfinity,2018-02-06,3553.0
97,Dfinity,2018-02-07,3627.0
98,Dfinity,2018-02-08,3746.0
99,Dfinity,2018-02-09,3782.0
100,Dfinity,2018-02-11,3854.0
101,Dfinity,2018-02-12,3872.0
102,Dfinity,2018-02-13,3901.0
103,Dfinity,2018-02-14,3927.0
104,Dfinity,2018-02-15,3941.0
105,Dfinity,2018-02-16,3962.0
106,Dfinity,2018-02-17,3992.0
107,Dfinity,2018-02-18,4026.0
108,Dfinity,2018-02-19,4060.0
109,Dfinity,2018-02-20,4087.0
110,Dfinity,2018-02-21,4105.0
111,Dfinity,2018-02-22,4126.0
112,Dfinity,2018-02-23,4150.0
113,Dfinity,2018-02-24,4169.0
114,Dfinity,2018-02-25,4193.0
115,Dfinity,2018-02-26,4206.0
116,Dfinity,2018-02-27,4221.0
117,EOS,2018-02-27,34657.0
118,Ethereum,2018-01-14,274964.0
119,Ethereum,2018-01-15,277664.0
120,Ethereum,2018-01-16,278588.0
121,Ethereum,2018-01-17,281183.0
122,Ethereum,2018-01-22,291014.0
123,Ethereum,2018-01-23,292697.0
124,Ethereum,2018-01-24,294502.0
125,Ethereum,2018-01-25,295978.0
126,Ethereum,2018-01-26,297183.0
127,Ethereum,2018-01-27,298391.0
128,Ethereum,2018-01-28,302495.0
129,Ethereum,2018-01-29,304663.0
130,Ethereum,2018-01-31,307918.0
131,Ethereum,2018-02-01,309464.0
132,Ethereum,2018-02-02,310850.0
133,Ethereum,2018-02-03,311936.0
134,Ethereum,2018-02-04,312981.0
135,Ethereum,2018-02-05,314137.0
136,Ethereum,2018-02-06,315361.0
137,Ethereum,2018-02-07,316439.0
138,Ethereum,2018-02-08,317900.0
139,Ethereum,2018-02-09,319179.0
140,Ethereum,2018-02-11,321154.0
141,Ethereum,2018-02-12,321912.0
142,Ethereum,2018-02-13,322791.0
143,Ethereum,2018-02-14,323636.0
144,Ethereum,2018-02-15,324394.0
145,Ethereum,2018-02-16,325205.0
146,Ethereum,2018-02-17,325978.0
147,Ethereum,2018-02-18,326712.0
148,Ethereum,2018-02-19,327566.0
149,Ethereum,2018-02-20,328393.0
150,Ethereum,2018-02-21,329182.0
151,Ethereum,2018-02-22,329866.0
152,Ethereum,2018-02-23,330441.0
153,Ethereum,2018-02-24,330939.0
154,Ethereum,2018-02-25,331486.0
155,Ethereum,2018-02-26,332048.0
156,Ethereum,2018-02-27,332245.0
157,Filecoin,2018-01-14,5536.0
158,Filecoin,2018-01-15,5556.0
159,Filecoin,2018-01-16,5567.0
160,Filecoin,2018-01-17,5591.0
161,Filecoin,2018-01-22,5691.0
162,Filecoin,2018-01-23,5715.0
163,Filecoin,2018-01-24,5740.0
164,Filecoin,2018-01-25,5752.0
165,Filecoin,2018-01-26,5765.0
166,Filecoin,2018-01-27,5781.0
167,Filecoin,2018-01-28,5819.0
168,Filecoin,2018-01-29,5840.0
169,Filecoin,2018-01-31,5871.0
170,Filecoin,2018-02-01,5885.0
171,Filecoin,2018-02-02,5900.0
172,Filecoin,2018-02-03,5916.0
173,Filecoin,2018-02-04,5936.0
174,Filecoin,2018-02-05,5949.0
175,Filecoin,2018-02-06,5958.0
176,Filecoin,2018-02-07,5982.0
177,Filecoin,2018-02-08,6002.0
178,Filecoin,2018-02-09,6020.0
179,Filecoin,2018-02-11,6043.0
180,Filecoin,2018-02-12,6055.0
181,Filecoin,2018-02-13,6069.0
182,Filecoin,2018-02-14,6082.0
183,Filecoin,2018-02-15,6088.0
184,Filecoin,2018-02-16,6100.0
185,Filecoin,2018-02-17,6107.0
186,Filecoin,2018-02-18,6122.0
187,Filecoin,2018-02-19,6136.0
188,Filecoin,2018-02-20,6147.0
189,Filecoin,2018-02-21,6159.0
190,Filecoin,2018-02-22,6174.0
191,Filecoin,2018-02-23,6187.0
192,Filecoin,2018-02-24,6198.0
193,Filecoin,2018-02-25,6207.0
194,Filecoin,2018-02-26,6219.0
195,Filecoin,2018-02-27,6218.0
196,MaidSafe,2018-01-14,4590.0
197,MaidSafe,2018-01-15,4593.0
198,MaidSafe,2018-01-16,4593.0
199,MaidSafe,2018-01-17,4595.0
200,MaidSafe,2018-01-22,4620.0
201,MaidSafe,2018-01-23,4626.0
202,MaidSafe,2018-01-24,5805.0
203,MaidSafe,2018-01-25,5824.0
204,MaidSafe,2018-01-26,5843.0
205,MaidSafe,2018-01-27,5846.0
206,MaidSafe,2018-01-28,5866.0
207,MaidSafe,2018-01-29,5876.0
208,MaidSafe,2018-01-31,5887.0
209,MaidSafe,2018-02-01,5894.0
210,MaidSafe,2018-02-02,5911.0
211,MaidSafe,2018-02-03,5923.0
212,MaidSafe,2018-02-04,5931.0
213,MaidSafe,2018-02-05,5937.0
214,MaidSafe,2018-02-06,5943.0
215,MaidSafe,2018-02-07,5954.0
216,MaidSafe,2018-02-08,5962.0
217,MaidSafe,2018-02-09,5970.0
218,MaidSafe,2018-02-11,5981.0
219,MaidSafe,2018-02-12,5984.0
220,MaidSafe,2018-02-13,5994.0
221,MaidSafe,2018-02-14,5998.0
222,MaidSafe,2018-02-15,5997.0
223,MaidSafe,2018-02-16,6006.0
224,MaidSafe,2018-02-17,6006.0
225,MaidSafe,2018-02-18,6009.0
226,MaidSafe,2018-02-19,6020.0
227,MaidSafe,2018-02-20,6029.0
228,MaidSafe,2018-02-21,6035.0
229,MaidSafe,2018-02-22,6035.0
230,MaidSafe,2018-02-23,6039.0
231,MaidSafe,2018-02-24,6051.0
232,MaidSafe,2018-02-25,6055.0
233,MaidSafe,2018-02-26,6054.0
234,MaidSafe,2018-02-27,6055.0
235,Maker,2018-01-14,2140.0
236,Maker,2018-01-15,2169.0
237,Maker,2018-01-16,2181.0
238,Maker,2018-01-17,2192.0
239,Maker,2018-01-22,2464.0
240,Maker,2018-01-23,2479.0
241,Maker,2018-01-24,2510.0
242,Maker,2018-01-25,2532.0
243,Maker,2018-01-26,2554.0
244,Maker,2018-01-27,2569.0
245,Maker,2018-01-28,2587.0
246,Maker,2018-01-29,2609.0
247,Maker,2018-01-31,2657.0
248,Maker,2018-02-01,2676.0
249,Maker,2018-02-02,2690.0
250,Maker,2018-02-03,2694.0
251,Maker,2018-02-04,2704.0
252,Maker,2018-02-05,2721.0
253,Maker,2018-02-06,2738.0
254,Maker,2018-02-07,2753.0
255,Maker,2018-02-08,2773.0
256,Maker,2018-02-09,2794.0
257,Maker,2018-02-11,2844.0
258,Maker,2018-02-12,2859.0
259,Maker,2018-02-13,2873.0
260,Maker,2018-02-14,2904.0
261,Maker,2018-02-15,2926.0
262,Maker,2018-02-16,2940.0
263,Maker,2018-02-17,2950.0
264,Maker,2018-02-18,2969.0
265,Maker,2018-02-19,2994.0
266,Maker,2018-02-20,3007.0
267,Maker,2018-02-21,3024.0
268,Maker,2018-02-22,3039.0
269,Maker,2018-02-23,3062.0
270,Maker,2018-02-24,3075.0
271,Maker,2018-02-25,3091.0
272,Maker,2018-02-26,3093.0
273,Maker,2018-02-27,3097.0
274,Monero,2018-01-14,93658.0
275,Monero,2018-01-15,94603.0
276,Monero,2018-01-16,94940.0
277,Monero,2018-01-17,95791.0
278,Monero,2018-01-22,99475.0
279,Monero,2018-01-23,100200.0
280,Monero,2018-01-24,101014.0
281,Monero,2018-01-25,101667.0
282,Monero,2018-01-26,102202.0
283,Monero,2018-01-27,102780.0
284,Monero,2018-01-28,104271.0
285,Monero,2018-01-29,105090.0
286,Monero,2018-01-31,106478.0
287,Monero,2018-02-01,107037.0
288,Monero,2018-02-02,107578.0
289,Monero,2018-02-03,108049.0
290,Monero,2018-02-04,108499.0
291,Monero,2018-02-05,108959.0
292,Monero,2018-02-06,109421.0
293,Monero,2018-02-07,109823.0
294,Monero,2018-02-08,110317.0
295,Monero,2018-02-09,110705.0
296,Monero,2018-02-11,111536.0
297,Monero,2018-02-12,111885.0
298,Monero,2018-02-13,112247.0
299,Monero,2018-02-14,112613.0
300,Monero,2018-02-15,112998.0
301,Monero,2018-02-16,113338.0
302,Monero,2018-02-17,113689.0
303,Monero,2018-02-18,114059.0
304,Monero,2018-02-19,114442.0
305,Monero,2018-02-20,114863.0
306,Monero,2018-02-21,115197.0
307,Monero,2018-02-22,115481.0
308,Monero,2018-02-23,115770.0
309,Monero,2018-02-24,116045.0
310,Monero,2018-02-25,116292.0
311,Monero,2018-02-26,116531.0
312,Monero,2018-02-27,116645.0
313,Raiblocks,2018-01-14,43644.0
314,Raiblocks,2018-01-15,44340.0
315,Raiblocks,2018-01-16,44677.0
316,Raiblocks,2018-01-17,45231.0
317,Raiblocks,2018-01-22,48045.0
318,Raiblocks,2018-01-23,48405.0
319,Raiblocks,2018-01-24,48852.0
320,Raiblocks,2018-01-25,49345.0
321,Raiblocks,2018-01-26,49752.0
322,Raiblocks,2018-01-27,50502.0
323,Raiblocks,2018-01-28,51642.0
324,Raiblocks,2018-01-29,52152.0
325,Raiblocks,2018-01-31,54125.0
326,Raiblocks,2018-02-01,53679.0
327,Raiblocks,2018-02-02,53266.0
328,Raiblocks,2018-02-03,53145.0
329,Raiblocks,2018-02-04,53033.0
330,Raiblocks,2018-02-05,52946.0
331,Raiblocks,2018-02-06,52889.0
332,Raiblocks,2018-02-07,52839.0
333,Raiblocks,2018-02-08,52809.0
334,Raiblocks,2018-02-09,52768.0
335,Raiblocks,2018-02-11,52684.0
336,Raiblocks,2018-02-12,52559.0
337,Raiblocks,2018-02-13,80501.0
338,Raiblocks,2018-02-14,80789.0
339,Raiblocks,2018-02-15,81474.0
340,Raiblocks,2018-02-16,81781.0
341,Raiblocks,2018-02-17,81956.0
342,Raiblocks,2018-02-18,82168.0
343,Raiblocks,2018-02-19,82357.0
344,Raiblocks,2018-02-20,82799.0
345,Raiblocks,2018-02-21,83255.0
346,Raiblocks,2018-02-22,83675.0
347,Raiblocks,2018-02-23,84261.0
348,Raiblocks,2018-02-24,85048.0
349,Raiblocks,2018-02-25,85310.0
350,Raiblocks,2018-02-26,85675.0
351,Raiblocks,2018-02-27,85893.0
352,Raiden,2018-01-14,3627.0
353,Raiden,2018-01-15,3647.0
354,Raiden,2018-01-16,3659.0
355,Raiden,2018-01-17,3676.0
356,Raiden,2018-01-22,3785.0
357,Raiden,2018-01-23,3804.0
358,Raiden,2018-01-24,3834.0
359,Raiden,2018-01-25,3848.0
360,Raiden,2018-01-26,3868.0
361,Raiden,2018-01-27,3881.0
362,Raiden,2018-01-28,3916.0
363,Raiden,2018-01-29,3927.0
364,Raiden,2018-01-31,3949.0
365,Raiden,2018-02-01,3954.0
366,Raiden,2018-02-02,3959.0
367,Raiden,2018-02-03,3961.0
368,Raiden,2018-02-04,3965.0
369,Raiden,2018-02-05,3969.0
370,Raiden,2018-02-06,3980.0
371,Raiden,2018-02-07,3991.0
372,Raiden,2018-02-08,3996.0
373,Raiden,2018-02-09,4002.0
374,Raiden,2018-02-11,4020.0
375,Raiden,2018-02-12,4023.0
376,Raiden,2018-02-13,4027.0
377,Raiden,2018-02-14,4029.0
378,Raiden,2018-02-15,4040.0
379,Raiden,2018-02-16,4052.0
380,Raiden,2018-02-17,4058.0
381,Raiden,2018-02-18,4065.0
382,Raiden,2018-02-19,4070.0
383,Raiden,2018-02-20,4093.0
384,Raiden,2018-02-21,4096.0
385,Raiden,2018-02-22,4104.0
386,Raiden,2018-02-23,4104.0
387,Raiden,2018-02-24,4114.0
388,Raiden,2018-02-25,4118.0
389,Raiden,2018-02-26,4125.0
390,Raiden,2018-02-27,4127.0
391,Sia,2018-01-14,27188.0
392,Sia,2018-01-15,27361.0
393,Sia,2018-01-16,27407.0
394,Sia,2018-01-17,27509.0
395,Sia,2018-01-22,28568.0
396,Sia,2018-01-23,28732.0
397,Sia,2018-01-24,28895.0
398,Sia,2018-01-25,29031.0
399,Sia,2018-01-26,29146.0
400,Sia,2018-01-27,29231.0
401,Sia,2018-01-28,29398.0
402,Sia,2018-01-29,29485.0
403,Sia,2018-01-31,29660.0
404,Sia,2018-02-01,29705.0
405,Sia,2018-02-02,29757.0
406,Sia,2018-02-03,29788.0
407,Sia,2018-02-04,29828.0
408,Sia,2018-02-05,29865.0
409,Sia,2018-02-06,29896.0
410,Sia,2018-02-07,29923.0
411,Sia,2018-02-08,29969.0
412,Sia,2018-02-09,30032.0
413,Sia,2018-02-11,30105.0
414,Sia,2018-02-12,30160.0
415,Sia,2018-02-13,30202.0
416,Sia,2018-02-14,30243.0
417,Sia,2018-02-15,30290.0
418,Sia,2018-02-16,30334.0
419,Sia,2018-02-17,30363.0
420,Sia,2018-02-18,30402.0
421,Sia,2018-02-19,30457.0
422,Sia,2018-02-20,30493.0
423,Sia,2018-02-21,30521.0
424,Sia,2018-02-22,30549.0
425,Sia,2018-02-23,30561.0
426,Sia,2018-02-24,30580.0
427,Sia,2018-02-25,30617.0
428,Sia,2018-02-26,30642.0
429,Sia,2018-02-27,30650.0
430,Stellar,2018-02-03,68142.0
431,Stellar,2018-02-04,68355.0
432,Stellar,2018-02-05,68558.0
433,Stellar,2018-02-06,68775.0
434,Stellar,2018-02-07,69071.0
435,Stellar,2018-02-08,69313.0
436,Stellar,2018-02-09,69514.0
437,Stellar,2018-02-11,69968.0
438,Stellar,2018-02-12,70139.0
439,Stellar,2018-02-13,70454.0
440,Stellar,2018-02-14,70721.0
441,Stellar,2018-02-15,70973.0
442,Stellar,2018-02-16,71189.0
443,Stellar,2018-02-17,71431.0
444,Stellar,2018-02-18,71642.0
445,Stellar,2018-02-19,71790.0
446,Stellar,2018-02-20,71983.0
447,Stellar,2018-02-21,72159.0
448,Stellar,2018-02-22,72305.0
449,Stellar,2018-02-23,72409.0
450,Stellar,2018-02-24,72541.0
451,Stellar,2018-02-25,72661.0
452,Stellar,2018-02-26,72748.0
453,Stellar,2018-02-27,72793.0
454,Storj,2018-01-14,5907.0
455,Storj,2018-01-15,5938.0
456,Storj,2018-01-16,5951.0
457,Storj,2018-01-17,5971.0
458,Storj,2018-01-22,6102.0
459,Storj,2018-01-23,6125.0
460,Storj,2018-01-24,6154.0
461,Storj,2018-01-25,6178.0
462,Storj,2018-01-26,6203.0
463,Storj,2018-01-27,6216.0
464,Storj,2018-01-28,6290.0
465,Storj,2018-01-29,6307.0
466,Storj,2018-01-31,6346.0
467,Storj,2018-02-01,6366.0
468,Storj,2018-02-02,6382.0
469,Storj,2018-02-03,6394.0
470,Storj,2018-02-04,6406.0
471,Storj,2018-02-05,6415.0
472,Storj,2018-02-06,6423.0
473,Storj,2018-02-07,6437.0
474,Storj,2018-02-08,6444.0
475,Storj,2018-02-09,6464.0
476,Storj,2018-02-11,6487.0
477,Storj,2018-02-12,6494.0
478,Storj,2018-02-13,6501.0
479,Storj,2018-02-14,6512.0
480,Storj,2018-02-15,6523.0
481,Storj,2018-02-16,6541.0
482,Storj,2018-02-17,6545.0
483,Storj,2018-02-18,6558.0
484,Storj,2018-02-19,6569.0
485,Storj,2018-02-20,6574.0
486,Storj,2018-02-21,6583.0
487,Storj,2018-02-22,6595.0
488,Storj,2018-02-23,6609.0
489,Storj,2018-02-24,6616.0
490,Storj,2018-02-25,6625.0
491,Storj,2018-02-26,6630.0
492,Storj,2018-02-27,6631.0
493,Tether,2018-01-14,1339.0
494,Tether,2018-01-15,1358.0
495,Tether,2018-01-16,1360.0
496,Tether,2018-01-17,1382.0
497,Tether,2018-01-22,1665.0
498,Tether,2018-01-23,1714.0
499,Tether,2018-01-24,1775.0
500,Tether,2018-01-25,1815.0
501,Tether,2018-01-26,1870.0
502,Tether,2018-01-27,1894.0
503,Tether,2018-01-28,2031.0
504,Tether,2018-01-29,2171.0
505,Tether,2018-01-31,2482.0
506,Tether,2018-02-01,2549.0
507,Tether,2018-02-02,2618.0
508,Tether,2018-02-03,2663.0
509,Tether,2018-02-04,2721.0
510,Tether,2018-02-05,2778.0
511,Tether,2018-02-06,2821.0
512,Tether,2018-02-07,2861.0
513,Tether,2018-02-08,2896.0
514,Tether,2018-02-09,2915.0
515,Tether,2018-02-11,2958.0
516,Tether,2018-02-12,2975.0
517,Tether,2018-02-13,2993.0
518,Tether,2018-02-14,3030.0
519,Tether,2018-02-15,3071.0
520,Tether,2018-02-16,3116.0
521,Tether,2018-02-17,3125.0
522,Tether,2018-02-18,3139.0
523,Tether,2018-02-19,3149.0
524,Tether,2018-02-20,3168.0
525,Tether,2018-02-21,3183.0
526,Tether,2018-02-22,3188.0
527,Tether,2018-02-23,3201.0
528,Tether,2018-02-24,3205.0
529,Tether,2018-02-25,3215.0
530,Tether,2018-02-26,3223.0
531,Tether,2018-02-27,3226.0
532,Tezos,2018-01-14,6635.0
533,Tezos,2018-01-15,6663.0
534,Tezos,2018-01-16,6674.0
535,Tezos,2018-01-17,6689.0
536,Tezos,2018-01-22,6762.0
537,Tezos,2018-01-23,6772.0
538,Tezos,2018-01-24,6790.0
539,Tezos,2018-01-25,6798.0
540,Tezos,2018-01-26,6809.0
541,Tezos,2018-01-27,6824.0
542,Tezos,2018-01-28,6865.0
543,Tezos,2018-01-29,6895.0
544,Tezos,2018-01-31,6923.0
545,Tezos,2018-02-01,6936.0
546,Tezos,2018-02-02,6949.0
547,Tezos,2018-02-03,6967.0
548,Tezos,2018-02-04,6979.0
549,Tezos,2018-02-05,6986.0
550,Tezos,2018-02-06,6995.0
551,Tezos,2018-02-07,7019.0
552,Tezos,2018-02-08,7041.0
553,Tezos,2018-02-09,7056.0
554,Tezos,2018-02-11,7084.0
555,Tezos,2018-02-12,7095.0
556,Tezos,2018-02-13,7112.0
557,Tezos,2018-02-14,7119.0
558,Tezos,2018-02-15,7124.0
559,Tezos,2018-02-16,7131.0
560,Tezos,2018-02-17,7147.0
561,Tezos,2018-02-18,7151.0
562,Tezos,2018-02-19,7173.0
563,Tezos,2018-02-20,7187.0
564,Tezos,2018-02-21,7203.0
565,Tezos,2018-02-22,7224.0
566,Tezos,2018-02-23,7267.0
567,Tezos,2018-02-24,7296.0
568,Tezos,2018-02-25,7309.0
569,Tezos,2018-02-26,7320.0
570,Tezos,2018-02-27,7326.0
571,Urbit,2018-01-14,678.0
572,Urbit,2018-01-15,678.0
573,Urbit,2018-01-16,678.0
574,Urbit,2018-01-17,678.0
575,Urbit,2018-01-22,683.0
576,Urbit,2018-01-23,682.0
577,Urbit,2018-01-24,681.0
578,Urbit,2018-01-25,682.0
579,Urbit,2018-01-26,682.0
580,Urbit,2018-01-27,683.0
581,Urbit,2018-01-28,684.0
582,Urbit,2018-01-29,684.0
583,Urbit,2018-01-31,683.0
584,Urbit,2018-02-01,683.0
585,Urbit,2018-02-02,683.0
586,Urbit,2018-02-03,683.0
587,Urbit,2018-02-04,683.0
588,Urbit,2018-02-05,684.0
589,Urbit,2018-02-06,686.0
590,Urbit,2018-02-07,687.0
591,Urbit,2018-02-08,688.0
592,Urbit,2018-02-09,688.0
593,Urbit,2018-02-11,689.0
594,Urbit,2018-02-12,686.0
595,Urbit,2018-02-13,686.0
596,Urbit,2018-02-14,686.0
597,Urbit,2018-02-15,687.0
598,Urbit,2018-02-16,689.0
599,Urbit,2018-02-17,689.0
600,Urbit,2018-02-18,689.0
601,Urbit,2018-02-19,689.0
602,Urbit,2018-02-20,688.0
603,Urbit,2018-02-21,688.0
604,Urbit,2018-02-22,689.0
605,Urbit,2018-02-23,689.0
606,Urbit,2018-02-24,689.0
607,Urbit,2018-02-25,689.0
608,Urbit,2018-02-26,689.0
609,Urbit,2018-02-27,689.0
610,Plasma,,
